id;title;content;created_date;last_updated_date
1;Singapore Mexico;Tasty action-items;2022-05-01T17:14:48;2022-05-01T19:07:07
2;Granite copy;Tools;2022-05-01T05:50:38;2022-05-01T07:41:59
3;overriding Guadeloupe;New Isle;2022-05-01T01:17:48;2022-04-30T21:27:50
4;Dinar Fully-configurable;Suriname system compress;2022-05-01T19:21:51;2022-05-01T13:26:45
5;payment Identity;PCI Home;2022-05-01T16:06:59;2022-05-01T19:34:24
6;connect microchip Investor;Sleek Netherlands;2022-05-01T19:04:49;2022-05-01T14:25:19
7;Pataca;innovative Avon transform;2022-05-01T13:30:12;2022-04-30T20:36:03
8;withdrawal Paradigm;calculate Home;2022-05-01T02:42:34;2022-05-01T03:26:33
9;Manager;redefine PCI;2022-05-01T04:13:13;2022-05-01T04:38:56
10;Fish redundant;SQL generate Rhode;2022-05-01T00:21:05;2022-05-01T08:22:14
